state,filename
Alabama,alabama.pdf
Alaska,alaska.pdf
Arizona,arizona.pdf
Arkansas,arkansas.pdf
California,california.pdf
Colorado,colorado.pdf
Connecticut,connecticut.pdf
Delaware,delaware.pdf
Florida,florida.pdf
Georgia,georgia.pdf
Hawaii,hawaii.pdf
Idaho,idaho.pdf
Illinois,illinois.pdf
Indiana,indiana.pdf
Iowa,iowa.pdf
Kansas,kansas.pdf
Kentucky,kentucky.pdf
Louisiana,louisiana.pdf
Maine,maine.pdf
Maryland,maryland.pdf
Massachusetts,massachusetts.pdf
Michigan,michigan.pdf
Minnesota,minnesota.pdf
Mississippi,mississippi.pdf
Missouri,missouri.pdf
Montana,montana.pdf
Nebraska,nebraska.pdf
Nevada,nevada.pdf
New Hampshire,new_hampshire.pdf
New Jersey,new_jersey.pdf
New Mexico,new_mexico.pdf
New York,new_york.pdf
North Carolina,north_carolina.pdf
North Dakota,north_dakota.pdf
Ohio,ohio.pdf
Oklahoma,oklahoma.pdf
Oregon,oregon.pdf
Pennsylvania,pennsylvania.pdf
Rhode Island,rhode_island.pdf
South Carolina,south_carolina.pdf
South Dakota,south_dakota.pdf
Tennessee,tennessee.pdf
Texas,texas.pdf
Utah,utah.pdf
Vermont,vermont.pdf
Virginia,virginia.pdf
Washington,washington.pdf
West Virginia,west_virginia.pdf
Wisconsin,wisconsin.pdf
Wyoming,wyoming.pdf
Puerto Rico,puerto_rico.pdf